holy1, holyDesc1, 2024-01-11, 0
holy2, holyDesc2, 2024-01-12, 0
holy3, holyDesc3, 2024-02-06, 0
holy4, holyDesc4, 2024-02-24, 0
holy5, holyDesc5, 2024-03-11, 0
holy6, holyDesc6, 2024-04-05, 0
holy7, holyDesc7, 2024-04-09, 0
holy8, holyDesc8, 2024-04-10, 0
holy9, holyDesc9, 2024-04-11, 0
holy10, holyDesc10, 2024-04-12, 0
holy11, holyDesc11, 2024-06-15, 0
holy12, holyDesc12, 2024-06-16, 0
holy13, holyDesc13, 2024-06-17, 0
holy14, holyDesc14, 2024-06-18, 0
holy15, holyDesc15, 2024-06-19, 0
holy16, holyDesc16, 2024-09-14, 0